<Policy PolicyId="ProjectPlanAccessPolicy" RuleCombiningAlgId="urn:oasis:names:tc:xacml:1.0:rule-combining-algorithm:ordered-permit-overrides">
  <Description>This AccessPolicy applies to any account at secf.com accessing file:///D:/Documents/Administrator/Desktop/Project_Plan.html.</Description>
  <Target>
    <Subjects>
      <Subject>
        <SubjectMatch MatchId="urn:oasis:names:tc:xacml:1.0:function:rfc822Name-match">
          <AttributeValue DataType="http://www.w3.org/2001/XMLSchema#string">umbc.edu</AttributeValue>
          <SubjectAttributeDesignator AttributeId="urn:oasis:names:tc:xacml:1.0:subject:subject-id" DataType="urn:oasis:names:tc:xacml:1.0:data-type:rfc822Name"/>
        </SubjectMatch>
      </Subject>
    </Subjects>
    <Resources>
      <Resource>
        <ResourceMatch MatchId="urn:oasis:names:tc:xacml:1.0:function:anyURI-equal">
          <AttributeValue DataType="http://www.w3.org/2001/XMLSchema#anyURI">Student.txt</AttributeValue>
          <ResourceAttributeDesignator AttributeId="urn:oasis:names:tc:xacml:1.0:resource:resource-id" DataType="http://www.w3.org/2001/XMLSchema#anyURI"/>
        </ResourceMatch>
      </Resource>
    </Resources>
    <Actions>
      <AnyAction/>
    </Actions>
  </Target>
  <Rule RuleId="ProjectPlanAccessRule" Effect="Permit">
    <Target>
      <Subjects>
        <AnySubject/>
      </Subjects>
      <Resources>
        <AnyResource/>
      </Resources>
      <Actions>
        <Action>
          <ActionMatch MatchId="urn:oasis:names:tc:xacml:1.0:function:string-equal">
            <AttributeValue DataType="http://www.w3.org/2001/XMLSchema#string">open</AttributeValue>
            <ActionAttributeDesignator AttributeId="urn:oasis:names:tc:xacml:1.0:action:action-id" DataType="http://www.w3.org/2001/XMLSchema#string"/>
          </ActionMatch>
        </Action>
      </Actions>
    </Target>
    <Condition FunctionId="urn:oasis:names:tc:xacml:1.0:function:string-equal">
      <Apply FunctionId="urn:oasis:names:tc:xacml:1.0:function:string-one-and-only">
        <SubjectAttributeDesignator AttributeId="Computer" DataType="http://www.w3.org/2001/XMLSchema#string"/>
      </Apply>
      <AttributeValue DataType="http://www.w3.org/2001/XMLSchema#string">Professor</AttributeValue>
    </Condition>
  </Rule>
  <Rule RuleId="ProjectPlanAccessRule" Effect="Deny">
    <Target>
      <Subjects>
        <AnySubject/>
      </Subjects>
      <Resources>
        <AnyResource/>
      </Resources>
      <Actions>
        <Action>
          <ActionMatch MatchId="urn:oasis:names:tc:xacml:1.0:function:string-equal">
            <AttributeValue DataType="http://www.w3.org/2001/XMLSchema#string">open</AttributeValue>
            <ActionAttributeDesignator AttributeId="urn:oasis:names:tc:xacml:1.0:action:action-id" DataType="http://www.w3.org/2001/XMLSchema#string"/>
          </ActionMatch>
        </Action>
      </Actions>
    </Target>
    <Condition FunctionId="urn:oasis:names:tc:xacml:1.0:function:string-equal">
      <Apply FunctionId="urn:oasis:names:tc:xacml:1.0:function:string-one-and-only">
        <SubjectAttributeDesignator AttributeId="Computer" DataType="http://www.w3.org/2001/XMLSchema#string"/>
      </Apply>
      <AttributeValue DataType="http://www.w3.org/2001/XMLSchema#string">Student</AttributeValue>
    </Condition>
  </Rule>
  <Policy PolicyId="ProjectPlanAccessPolicy" RuleCombiningAlgId="urn:oasis:names:tc:xacml:1.0:rule-combining-algorithm:ordered-permit-overrides">
  <Description>This AccessPolicy applies to any account at secf.com accessing file:///D:/Documents/Administrator/Desktop/Project_Plan.html.</Description>
  <Target>
    <Subjects>
      <Subject>
        <SubjectMatch MatchId="urn:oasis:names:tc:xacml:1.0:function:rfc822Name-match">
          <AttributeValue DataType="http://www.w3.org/2001/XMLSchema#string">umbc.edu</AttributeValue>
          <SubjectAttributeDesignator AttributeId="urn:oasis:names:tc:xacml:1.0:subject:subject-id" DataType="urn:oasis:names:tc:xacml:1.0:data-type:rfc822Name"/>
        </SubjectMatch>
      </Subject>
    </Subjects>
    <Resources>
      <Resource>
        <ResourceMatch MatchId="urn:oasis:names:tc:xacml:1.0:function:anyURI-equal">
          <AttributeValue DataType="http://www.w3.org/2001/XMLSchema#anyURI">Student.txt</AttributeValue>
          <ResourceAttributeDesignator AttributeId="urn:oasis:names:tc:xacml:1.0:resource:resource-id" DataType="http://www.w3.org/2001/XMLSchema#anyURI"/>
        </ResourceMatch>
      </Resource>
    </Resources>
    <Actions>
      <AnyAction/>
    </Actions>
  </Target>
  <Rule RuleId="ProjectPlanAccessRule" Effect="Permit">
    <Target>
      <Subjects>
        <AnySubject/>
      </Subjects>
      <Resources>
        <AnyResource/>
      </Resources>
      <Actions>
        <Action>
          <ActionMatch MatchId="urn:oasis:names:tc:xacml:1.0:function:string-equal">
            <AttributeValue DataType="http://www.w3.org/2001/XMLSchema#string">open</AttributeValue>
            <ActionAttributeDesignator AttributeId="urn:oasis:names:tc:xacml:1.0:action:action-id" DataType="http://www.w3.org/2001/XMLSchema#string"/>
          </ActionMatch>
        </Action>
      </Actions>
    </Target>
    <Condition FunctionId="urn:oasis:names:tc:xacml:1.0:function:string-equal">
      <Apply FunctionId="urn:oasis:names:tc:xacml:1.0:function:string-one-and-only">
        <SubjectAttributeDesignator AttributeId="Computer" DataType="http://www.w3.org/2001/XMLSchema#string"/>
      </Apply>
      <AttributeValue DataType="http://www.w3.org/2001/XMLSchema#string">Professor</AttributeValue>
    </Condition>
  </Rule>
  <Rule RuleId="ProjectPlanAccessRule" Effect="Deny">
    <Target>
      <Subjects>
        <AnySubject/>
      </Subjects>
      <Resources>
        <AnyResource/>
      </Resources>
      <Actions>
        <Action>
          <ActionMatch MatchId="urn:oasis:names:tc:xacml:1.0:function:string-equal">
            <AttributeValue DataType="http://www.w3.org/2001/XMLSchema#string">open</AttributeValue>
            <ActionAttributeDesignator AttributeId="urn:oasis:names:tc:xacml:1.0:action:action-id" DataType="http://www.w3.org/2001/XMLSchema#string"/>
          </ActionMatch>
        </Action>
      </Actions>
    </Target>
    <Condition FunctionId="urn:oasis:names:tc:xacml:1.0:function:string-equal">
      <Apply FunctionId="urn:oasis:names:tc:xacml:1.0:function:string-one-and-only">
        <SubjectAttributeDesignator AttributeId="IS" DataType="http://www.w3.org/2001/XMLSchema#string"/>
      </Apply>
      <AttributeValue DataType="http://www.w3.org/2001/XMLSchema#string">Student</AttributeValue>
       <AttributeValue DataType="http://www.w3.org/2001/XMLSchema#string">Professor</AttributeValue>
    </Condition>
  </Rule>
  <Rule RuleId="ProjectPlanAccessRule" Effect="Deny">
    <Target>
      <Subjects>
        <AnySubject/>
      </Subjects>
      <Resources>
        <AnyResource/>
      </Resources>
      <Actions>
        <Action>
          <ActionMatch MatchId="urn:oasis:names:tc:xacml:1.0:function:string-equal">
            <AttributeValue DataType="http://www.w3.org/2001/XMLSchema#string">open</AttributeValue>
            <ActionAttributeDesignator AttributeId="urn:oasis:names:tc:xacml:1.0:action:action-id" DataType="http://www.w3.org/2001/XMLSchema#string"/>
          </ActionMatch>
        </Action>
      </Actions>
    </Target>
    <Condition FunctionId="urn:oasis:names:tc:xacml:1.0:function:string-equal">
      <Apply FunctionId="urn:oasis:names:tc:xacml:1.0:function:string-one-and-only">
        <SubjectAttributeDesignator AttributeId="EM" DataType="http://www.w3.org/2001/XMLSchema#string"/>
      </Apply>
      <AttributeValue DataType="http://www.w3.org/2001/XMLSchema#string">Student</AttributeValue>
       <AttributeValue DataType="http://www.w3.org/2001/XMLSchema#string">Professor</AttributeValue>
    </Condition>
  </Rule>
  
</Policy>
  
</Policy>
