<Request>
  <Subject SubjectCategory="urn:oasis:names:tc:xacml:1.0:subject-category:access-subject">
    <Attribute AttributeId="urn:oasis:names:tc:xacml:1.0:subject:subject-id" DataType="urn:oasis:names:tc:xacml:1.0:data-type:rfc822Name"><AttributeValue>rajani1@umbc.edu</AttributeValue></Attribute>
    <Attribute AttributeId="Computer" DataType="http://www.w3.org/2001/XMLSchema#string"><AttributeValue>Professor</AttributeValue></Attribute>
  </Subject>
  <Resource>
    <Attribute AttributeId="urn:oasis:names:tc:xacml:1.0:resource:resource-id" DataType="http://www.w3.org/2001/XMLSchema#anyURI"><AttributeValue>Student.txt</AttributeValue></Attribute>
  </Resource>
  <Action>
    <Attribute AttributeId="urn:oasis:names:tc:xacml:1.0:action:action-id" DataType="http://www.w3.org/2001/XMLSchema#string"><AttributeValue>open</AttributeValue></Attribute>
  </Action>
</Request>
